COUNTY_ID,COUNTY,TOWN_ID,TOWN,V_ID,VILLAGE,H_CNT,P_CNT,M_CNT,F_CNT,INFO_TIME
66000,臺中市,66000110,大甲區,66000110-002,大甲里,454,1255,626,629,108Y12M
66000,臺中市,66000110,大甲區,66000110-009,中山里,1781,5252,2533,2719,108Y12M
66000,臺中市,66000110,大甲區,66000110-021,太白里,406,1471,758,713,108Y12M
66000,臺中市,66000110,大甲區,66000110-004,孔門里,383,1001,538,463,108Y12M
66000,臺中市,66000110,大甲區,66000110-014,文曲里,355,1264,640,624,108Y12M
66000,臺中市,66000110,大甲區,66000110-016,文武里,2071,6687,3244,3443,108Y12M
66000,臺中市,66000110,大甲區,66000110-024,日南里,2039,6739,3406,3333,108Y12M
66000,臺中市,66000110,大甲區,66000110-005,平安里,785,2642,1310,1332,108Y12M
66000,臺中市,66000110,大甲區,66000110-019,江南里,461,1618,838,780,108Y12M
66000,臺中市,66000110,大甲區,66000110-026,西岐里,559,1977,983,994,108Y12M
66000,臺中市,66000110,大甲區,66000110-006,庄美里,769,2512,1273,1239,108Y12M
66000,臺中市,66000110,大甲區,66000110-017,奉化里,807,2488,1201,1287,108Y12M
66000,臺中市,66000110,大甲區,66000110-022,孟春里,1490,4980,2449,2531,108Y12M
66000,臺中市,66000110,大甲區,66000110-008,岷山里,792,2566,1299,1267,108Y12M
66000,臺中市,66000110,大甲區,66000110-023,幸福里,937,3085,1597,1488,108Y12M
66000,臺中市,66000110,大甲區,66000110-015,武曲里,536,2131,1077,1054,108Y12M
66000,臺中市,66000110,大甲區,66000110-013,武陵里,381,1385,723,662,108Y12M
66000,臺中市,66000110,大甲區,66000110-010,南陽里,348,962,481,481,108Y12M
66000,臺中市,66000110,大甲區,66000110-029,建興里,481,1725,888,837,108Y12M
66000,臺中市,66000110,大甲區,66000110-020,頂店里,1684,5568,2788,2780,108Y12M
66000,臺中市,66000110,大甲區,66000110-001,朝陽里,573,1745,843,902,108Y12M
66000,臺中市,66000110,大甲區,66000110-003,順天里,646,1838,928,910,108Y12M
66000,臺中市,66000110,大甲區,66000110-007,新美里,1320,4191,2090,2101,108Y12M
66000,臺中市,66000110,大甲區,66000110-012,義和里,1126,3869,1964,1905,108Y12M
66000,臺中市,66000110,大甲區,66000110-028,福德里,382,1310,652,658,108Y12M
66000,臺中市,66000110,大甲區,66000110-027,銅安里,470,1674,887,787,108Y12M
66000,臺中市,66000110,大甲區,66000110-018,德化里,596,2094,1080,1014,108Y12M
66000,臺中市,66000110,大甲區,66000110-025,龍泉里,511,1778,934,844,108Y12M
66000,臺中市,66000110,大甲區,66000110-011,薰風里,370,1015,499,516,108Y12M
66000,臺中市,66000220,大安區,66000220-003,中庄里,892,3126,1651,1475,108Y12M
66000,臺中市,66000220,大安區,66000220-008,永安里,580,2048,1093,955,108Y12M
66000,臺中市,66000220,大安區,66000220-011,西安里,564,2054,1062,992,108Y12M
66000,臺中市,66000220,大安區,66000220-006,東安里,442,1448,744,704,108Y12M
66000,臺中市,66000220,大安區,66000220-012,松雅里,343,1091,573,518,108Y12M
66000,臺中市,66000220,大安區,66000220-002,南庄里,344,1171,631,540,108Y12M
66000,臺中市,66000220,大安區,66000220-001,南埔里,358,1197,628,569,108Y12M
66000,臺中市,66000220,大安區,66000220-010,海墘里,510,1619,853,766,108Y12M
66000,臺中市,66000220,大安區,66000220-007,頂安里,293,1040,533,507,108Y12M
66000,臺中市,66000220,大安區,66000220-009,福住里,358,1209,643,566,108Y12M
66000,臺中市,66000220,大安區,66000220-005,福興里,393,1327,720,607,108Y12M
66000,臺中市,66000220,大安區,66000220-004,龜■里,506,1781,957,824,108Y12M
66000,臺中市,66000240,大肚區,66000240-008,大肚里,862,2627,1274,1353,108Y12M
66000,臺中市,66000240,大肚區,66000240-007,大東里,1143,3686,1881,1805,108Y12M
66000,臺中市,66000240,大肚區,66000240-013,山陽里,520,1575,798,777,108Y12M
66000,臺中市,66000240,大肚區,66000240-002,中和里,274,1022,519,503,108Y12M
66000,臺中市,66000240,大肚區,66000240-001,王田里,1489,5135,2698,2437,108Y12M
66000,臺中市,66000240,大肚區,66000240-009,永和里,308,966,492,474,108Y12M
66000,臺中市,66000240,大肚區,66000240-011,永順里,571,2004,1080,924,108Y12M
66000,臺中市,66000240,大肚區,66000240-012,成功里,316,1125,594,531,108Y12M
66000,臺中市,66000240,大肚區,66000240-017,自強里,1484,4060,2004,2056,108Y12M
66000,臺中市,66000240,大肚區,66000240-005,社腳里,831,2870,1480,1390,108Y12M
66000,臺中市,66000240,大肚區,66000240-014,頂街里,3032,9128,4583,4545,108Y12M
66000,臺中市,66000240,大肚區,66000240-006,新興里,973,3051,1600,1451,108Y12M
66000,臺中市,66000240,大肚區,66000240-015,瑞井里,1930,6137,3149,2988,108Y12M
66000,臺中市,66000240,大肚區,66000240-003,福山里,1293,4234,2156,2078,108Y12M
66000,臺中市,66000240,大肚區,66000240-016,蔗■里,1887,5765,2907,2858,108Y12M
66000,臺中市,66000240,大肚區,66000240-004,營埔里,475,1716,894,822,108Y12M
66000,臺中市,66000240,大肚區,66000240-010,磺溪里,626,1984,1011,973,108Y12M
66000,臺中市,66000280,大里區,66000280-012,大元里,1591,5157,2575,2582,108Y12M
66000,臺中市,66000280,大里區,66000280-001,大里里,1379,4188,2070,2118,108Y12M
66000,臺中市,66000280,大里區,66000280-022,大明里,1762,4877,2367,2510,108Y12M
66000,臺中市,66000280,大里區,66000280-025,中新里,2334,6641,3162,3479,108Y12M
66000,臺中市,66000280,大里區,66000280-014,仁化里,3195,10504,5251,5253,108Y12M
66000,臺中市,66000280,大里區,66000280-027,仁德里,2266,7461,3653,3808,108Y12M
66000,臺中市,66000280,大里區,66000280-008,內新里,3813,10086,4760,5326,108Y12M
66000,臺中市,66000280,大里區,66000280-006,日新里,1661,4824,2404,2420,108Y12M
66000,臺中市,66000280,大里區,66000280-023,永隆里,4320,13442,6296,7146,108Y12M
66000,臺中市,66000280,大里區,66000280-010,立仁里,2193,6318,3142,3176,108Y12M
66000,臺中市,66000280,大里區,66000280-026,立德里,3182,9441,4681,4760,108Y12M
66000,臺中市,66000280,大里區,66000280-020,西湖里,1070,3477,1730,1747,108Y12M
66000,臺中市,66000280,大里區,66000280-007,西榮里,2403,6786,3295,3491,108Y12M
66000,臺中市,66000280,大里區,66000280-009,東昇里,1352,4107,2049,2058,108Y12M
66000,臺中市,66000280,大里區,66000280-019,東湖里,4326,12264,5972,6292,108Y12M
66000,臺中市,66000280,大里區,66000280-004,東興里,2783,8352,4029,4323,108Y12M
66000,臺中市,66000280,大里區,66000280-018,金城里,3993,11783,5785,5998,108Y12M
66000,臺中市,66000280,大里區,66000280-024,長榮里,3706,10818,5121,5697,108Y12M
66000,臺中市,66000280,大里區,66000280-013,夏田里,355,1149,621,528,108Y12M
66000,臺中市,66000280,大里區,66000280-015,健民里,1749,5238,2661,2577,108Y12M
66000,臺中市,66000280,大里區,66000280-021,國光里,2271,7033,3415,3618,108Y12M
66000,臺中市,66000280,大里區,66000280-005,祥興里,3186,8264,3986,4278,108Y12M
66000,臺中市,66000280,大里區,66000280-016,塗城里,3157,10048,5130,4918,108Y12M
66000,臺中市,66000280,大里區,66000280-011,新仁里,2991,9163,4565,4598,108Y12M
66000,臺中市,66000280,大里區,66000280-002,新里里,4474,12446,6292,6154,108Y12M
66000,臺中市,66000280,大里區,66000280-017,瑞城里,4468,14308,6952,7356,108Y12M
66000,臺中市,66000280,大里區,66000280-003,樹王里,1324,4536,2223,2313,108Y12M
66000,臺中市,66000180,大雅區,66000180-010,二和里,2323,7387,3618,3769,108Y12M
66000,臺中市,66000180,大雅區,66000180-007,三和里,1951,6447,3219,3228,108Y12M
66000,臺中市,66000180,大雅區,66000180-012,上雅里,2562,7368,3653,3715,108Y12M
66000,臺中市,66000180,大雅區,66000180-009,上楓里,2245,7523,3804,3719,108Y12M
66000,臺中市,66000180,大雅區,66000180-001,大雅里,1753,5300,2601,2699,108Y12M
66000,臺中市,66000180,大雅區,66000180-014,大楓里,1890,5998,2932,3066,108Y12M
66000,臺中市,66000180,大雅區,66000180-003,六寶里,2448,7475,3746,3729,108Y12M
66000,臺中市,66000180,大雅區,66000180-013,文雅里,2411,7218,3562,3656,108Y12M
66000,臺中市,66000180,大雅區,66000180-011,四德里,1759,5729,2834,2895,108Y12M
66000,臺中市,66000180,大雅區,66000180-008,西寶里,1679,5828,2961,2867,108Y12M
66000,臺中市,66000180,大雅區,66000180-004,秀山里,1148,3977,2051,1926,108Y12M
66000,臺中市,66000180,大雅區,66000180-005,忠義里,1636,4256,2101,2155,108Y12M
66000,臺中市,66000180,大雅區,66000180-002,員林里,3417,11664,5753,5911,108Y12M
66000,臺中市,66000180,大雅區,66000180-015,雅楓里,1459,4403,2146,2257,108Y12M
66000,臺中市,66000180,大雅區,66000180-006,橫山里,1617,5199,2676,2523,108Y12M
66000,臺中市,66000010,中區,66000010-007,大誠里,1283,2945,1478,1467,108Y12M
66000,臺中市,66000010,中區,66000010-002,大墩里,997,2657,1257,1400,108Y12M
66000,臺中市,66000010,中區,66000010-008,中華里,1118,2354,1170,1184,108Y12M
66000,臺中市,66000010,中區,66000010-004,公園里,755,1761,869,892,108Y12M
66000,臺中市,66000010,中區,66000010-005,光復里,1026,2493,1201,1292,108Y12M
66000,臺中市,66000010,中區,66000010-006,柳川里,1069,2237,1153,1084,108Y12M
66000,臺中市,66000010,中區,66000010-003,綠川里,894,2076,1034,1042,108Y12M
66000,臺中市,66000010,中區,66000010-001,繼光里,824,1867,913,954,108Y12M
66000,臺中市,66000270,太平區,66000270-035,大興里,963,2880,1447,1433,108Y12M
66000,臺中市,66000270,太平區,66000270-008,中山里,1760,4152,2228,1924,108Y12M
66000,臺中市,66000270,太平區,66000270-003,中平里,1617,4956,2484,2472,108Y12M
66000,臺中市,66000270,太平區,66000270-024,中政里,1537,4440,2255,2185,108Y12M
66000,臺中市,66000270,太平區,66000270-004,中興里,1246,3894,1978,1916,108Y12M
66000,臺中市,66000270,太平區,66000270-001,太平里,2047,6568,3343,3225,108Y12M
66000,臺中市,66000270,太平區,66000270-025,平安里,842,2689,1377,1312,108Y12M
66000,臺中市,66000270,太平區,66000270-021,永平里,1637,4845,2378,2467,108Y12M
66000,臺中市,66000270,太平區,66000270-020,永成里,2629,8264,4083,4181,108Y12M
66000,臺中市,66000270,太平區,66000270-039,永隆里,958,3029,1525,1504,108Y12M
66000,臺中市,66000270,太平區,66000270-033,光明里,1638,4418,2161,2257,108Y12M
66000,臺中市,66000270,太平區,66000270-010,光華里,2097,6050,2929,3121,108Y12M
66000,臺中市,66000270,太平區,66000270-017,光隆里,1164,3761,1936,1825,108Y12M
66000,臺中市,66000270,太平區,66000270-022,成功里,1582,4746,2340,2406,108Y12M
66000,臺中市,66000270,太平區,66000270-009,坪林里,1263,3817,1911,1906,108Y12M
66000,臺中市,66000270,太平區,66000270-031,宜佳里,2497,7172,3477,3695,108Y12M
66000,臺中市,66000270,太平區,66000270-032,宜昌里,1600,4454,2241,2213,108Y12M
66000,臺中市,66000270,太平區,66000270-007,宜欣里,2427,7253,3598,3655,108Y12M
66000,臺中市,66000270,太平區,66000270-006,東平里,1662,5074,2469,2605,108Y12M
66000,臺中市,66000270,太平區,66000270-015,東汴里,459,1347,716,631,108Y12M
66000,臺中市,66000270,太平區,66000270-023,東和里,1111,3457,1705,1752,108Y12M
66000,臺中市,66000270,太平區,66000270-002,長億里,2363,7397,3600,3797,108Y12M
66000,臺中市,66000270,太平區,66000270-005,建國里,1114,3429,1687,1742,108Y12M
66000,臺中市,66000270,太平區,66000270-026,建興里,1232,3400,1699,1701,108Y12M
66000,臺中市,66000270,太平區,66000270-019,黃竹里,316,718,426,292,108Y12M
66000,臺中市,66000270,太平區,66000270-036,勤益里,899,2531,1206,1325,108Y12M
66000,臺中市,66000270,太平區,66000270-012,新光里,2980,8994,4456,4538,108Y12M
66000,臺中市,66000270,太平區,66000270-029,新吉里,2326,6937,3416,3521,108Y12M
66000,臺中市,66000270,太平區,66000270-011,新坪里,3417,9391,4598,4793,108Y12M
66000,臺中市,66000270,太平區,66000270-030,新城里,2461,6760,3251,3509,108Y12M
66000,臺中市,66000270,太平區,66000270-028,新高里,3637,9336,4445,4891,108Y12M
66000,臺中市,66000270,太平區,66000270-013,新福里,2986,7946,3717,4229,108Y12M
66000,臺中市,66000270,太平區,66000270-027,新興里,2535,6790,3248,3542,108Y12M
66000,臺中市,66000270,太平區,66000270-037,聖和里,598,1755,917,838,108Y12M
66000,臺中市,66000270,太平區,66000270-038,福隆里,1388,4221,2119,2102,108Y12M
66000,臺中市,66000270,太平區,66000270-018,德隆里,1918,5814,2941,2873,108Y12M
66000,臺中市,66000270,太平區,66000270-016,興隆里,1265,3886,1952,1934,108Y12M
66000,臺中市,66000270,太平區,66000270-014,頭汴里,678,2087,1113,974,108Y12M
66000,臺中市,66000270,太平區,66000270-034,豐年里,1712,5071,2497,2574,108Y12M
66000,臺中市,66000080,北屯區,66000080-013,■子里,6493,15474,7277,8197,108Y12M
66000,臺中市,66000080,北屯區,66000080-003,三光里,3138,8272,3887,4385,108Y12M
66000,臺中市,66000080,北屯區,66000080-041,三和里,2489,6697,3189,3508,108Y12M
66000,臺中市,66000080,北屯區,66000080-014,大坑里,801,2424,1217,1207,108Y12M
66000,臺中市,66000080,北屯區,66000080-031,大德里,2027,5710,2773,2937,108Y12M
66000,臺中市,66000080,北屯區,66000080-017,仁和里,4419,10894,5487,5407,108Y12M
66000,臺中市,66000080,北屯區,66000080-018,仁美里,3855,11173,5283,5890,108Y12M
66000,臺中市,66000080,北屯區,66000080-022,仁愛里,480,1206,571,635,108Y12M
66000,臺中市,66000080,北屯區,66000080-008,水景里,5987,17071,8355,8716,108Y12M
66000,臺中市,66000080,北屯區,66000080-023,水湳里,2891,7728,3752,3976,108Y12M
66000,臺中市,66000080,北屯區,66000080-002,北屯里,1554,3973,1846,2127,108Y12M
66000,臺中市,66000080,北屯區,66000080-034,北京里,1386,3691,1804,1887,108Y12M
66000,臺中市,66000080,北屯區,66000080-001,北興里,1429,3706,1775,1931,108Y12M
66000,臺中市,66000080,北屯區,66000080-019,四民里,590,1915,954,961,108Y12M
66000,臺中市,66000080,北屯區,66000080-035,平心里,2291,5706,2641,3065,108Y12M
66000,臺中市,66000080,北屯區,66000080-004,平田里,2583,6780,3240,3540,108Y12M
66000,臺中市,66000080,北屯區,66000080-026,平安里,2313,6062,2960,3102,108Y12M
66000,臺中市,66000080,北屯區,66000080-005,平和里,2401,6231,2845,3386,108Y12M
66000,臺中市,66000080,北屯區,66000080-040,平昌里,2038,5183,2457,2726,108Y12M
66000,臺中市,66000080,北屯區,66000080-038,平陽里,2149,5909,2778,3131,108Y12M
66000,臺中市,66000080,北屯區,66000080-027,平順里,1442,3762,1749,2013,108Y12M
66000,臺中市,66000080,北屯區,66000080-036,平福里,1638,4462,2076,2386,108Y12M
66000,臺中市,66000080,北屯區,66000080-028,平德里,2974,7581,3532,4049,108Y12M
66000,臺中市,66000080,北屯區,66000080-039,平興里,3118,8050,3754,4296,108Y12M
66000,臺中市,66000080,北屯區,66000080-012,民政里,371,1181,632,549,108Y12M
66000,臺中市,66000080,北屯區,66000080-015,民德里,379,1041,546,495,108Y12M
66000,臺中市,66000080,北屯區,66000080-021,同榮里,2160,6217,3057,3160,108Y12M
66000,臺中市,66000080,北屯區,66000080-020,后庄里,4237,11747,5553,6194,108Y12M
66000,臺中市,66000080,北屯區,66000080-010,和平里,4931,14061,6746,7315,108Y12M
66000,臺中市,66000080,北屯區,66000080-042,忠平里,1633,4621,2167,2454,108Y12M
66000,臺中市,66000080,北屯區,66000080-011,東山里,813,2409,1203,1206,108Y12M
66000,臺中市,66000080,北屯區,66000080-006,東光里,2010,5291,2522,2769,108Y12M
66000,臺中市,66000080,北屯區,66000080-029,松安里,2087,5808,2720,3088,108Y12M
66000,臺中市,66000080,北屯區,66000080-016,松竹里,3880,10533,4893,5640,108Y12M
66000,臺中市,66000080,北屯區,66000080-037,松和里,2704,7646,3673,3973,108Y12M
66000,臺中市,66000080,北屯區,66000080-033,松勇里,2141,6099,2937,3162,108Y12M
66000,臺中市,66000080,北屯區,66000080-030,松茂里,2253,6125,2973,3152,108Y12M
66000,臺中市,66000080,北屯區,66000080-032,松強里,3147,8424,3988,4436,108Y12M
66000,臺中市,66000080,北屯區,66000080-009,軍功里,5138,15361,7416,7945,108Y12M
66000,臺中市,66000080,北屯區,66000080-024,陳平里,1978,5367,2567,2800,108Y12M
66000,臺中市,66000080,北屯區,66000080-025,新平里,1862,4904,2332,2572,108Y12M
66000,臺中市,66000080,北屯區,66000080-007,舊社里,2583,7126,3377,3749,108Y12M
66000,臺中市,66000050,北區,66000050-028,大湖里,990,2442,1205,1237,108Y12M
66000,臺中市,66000050,北區,66000050-026,中正里,759,1968,953,1015,108Y12M
66000,臺中市,66000050,北區,66000050-019,中達里,1184,3094,1520,1574,108Y12M
66000,臺中市,66000050,北區,66000050-003,五常里,629,1618,814,804,108Y12M
66000,臺中市,66000050,北區,66000050-027,六合里,876,1904,941,963,108Y12M
66000,臺中市,66000050,北區,66000050-002,文莊里,1633,3795,1815,1980,108Y12M
66000,臺中市,66000050,北區,66000050-034,立人里,1786,4455,2089,2366,108Y12M
66000,臺中市,66000050,北區,66000050-001,光大里,1106,2315,1100,1215,108Y12M
66000,臺中市,66000050,北區,66000050-017,育德里,1734,4217,2012,2205,108Y12M
66000,臺中市,66000050,北區,66000050-033,明新里,1281,3168,1538,1630,108Y12M
66000,臺中市,66000050,北區,66000050-022,明德里,2395,6257,2992,3265,108Y12M
66000,臺中市,66000050,北區,66000050-012,邱厝里,1080,2744,1290,1454,108Y12M
66000,臺中市,66000050,北區,66000050-010,金華里,1208,2929,1393,1536,108Y12M
66000,臺中市,66000050,北區,66000050-011,金龍里,2130,4942,2319,2623,108Y12M
66000,臺中市,66000050,北區,66000050-023,長青里,2778,7205,3337,3868,108Y12M
66000,臺中市,66000050,北區,66000050-008,建成里,2469,6484,3147,3337,108Y12M
66000,臺中市,66000050,北區,66000050-030,建德里,1454,3820,1832,1988,108Y12M
66000,臺中市,66000050,北區,66000050-013,建興里,2640,6587,3115,3472,108Y12M
66000,臺中市,66000050,北區,66000050-021,健行里,2895,7699,3731,3968,108Y12M
66000,臺中市,66000050,北區,66000050-031,崇德里,1660,4120,1928,2192,108Y12M
66000,臺中市,66000050,北區,66000050-035,梅川里,1462,3890,1772,2118,108Y12M
66000,臺中市,66000050,北區,66000050-018,淡溝里,2488,6010,2825,3185,108Y12M
66000,臺中市,66000050,北區,66000050-014,頂厝里,1996,4823,2271,2552,108Y12M
66000,臺中市,66000050,北區,66000050-005,新北里,900,1882,934,948,108Y12M
66000,臺中市,66000050,北區,66000050-004,新興里,751,1686,846,840,108Y12M
66000,臺中市,66000050,北區,66000050-006,樂英里,1329,2893,1410,1483,108Y12M
66000,臺中市,66000050,北區,66000050-016,賴村里,2213,5125,2406,2719,108Y12M
66000,臺中市,66000050,北區,66000050-032,賴旺里,2004,5048,2385,2663,108Y12M
66000,臺中市,66000050,北區,66000050-024,賴明里,1825,4539,2082,2457,108Y12M
66000,臺中市,66000050,北區,66000050-015,賴厝里,2904,6116,3074,3042,108Y12M
66000,臺中市,66000050,北區,66000050-036,賴福里,1837,4740,2217,2523,108Y12M
66000,臺中市,66000050,北區,66000050-025,賴興里,1776,4518,2119,2399,108Y12M
66000,臺中市,66000050,北區,66000050-029,錦平里,924,2062,991,1071,108Y12M
66000,臺中市,66000050,北區,66000050-007,錦村里,1418,3621,1776,1845,108Y12M
66000,臺中市,66000050,北區,66000050-009,錦洲里,1513,3862,1874,1988,108Y12M
66000,臺中市,66000050,北區,66000050-020,錦祥里,2171,4813,2236,2577,108Y12M
66000,臺中市,66000210,外埔區,66000210-011,■子里,394,1363,733,630,108Y12M
66000,臺中市,66000210,外埔區,66000210-003,三崁里,655,2179,1155,1024,108Y12M
66000,臺中市,66000210,外埔區,66000210-010,土城里,497,1868,988,880,108Y12M
66000,臺中市,66000210,外埔區,66000210-004,大同里,1711,5677,2874,2803,108Y12M
66000,臺中市,66000210,外埔區,66000210-006,大東里,2473,7683,3829,3854,108Y12M
66000,臺中市,66000210,外埔區,66000210-008,中山里,406,1449,724,725,108Y12M
66000,臺中市,66000210,外埔區,66000210-002,六分里,794,2656,1299,1357,108Y12M
66000,臺中市,66000210,外埔區,66000210-005,水美里,1318,4005,2052,1953,108Y12M
66000,臺中市,66000210,外埔區,66000210-001,永豐里,398,1264,664,600,108Y12M
66000,臺中市,66000210,外埔區,66000210-007,馬鳴里,482,1621,848,773,108Y12M
66000,臺中市,66000210,外埔區,66000210-009,鐵山里,774,2459,1261,1198,108Y12M
66000,臺中市,66000200,石岡區,66000200-003,九房里,474,1398,759,639,108Y12M
66000,臺中市,66000200,石岡區,66000200-008,土牛里,385,1140,584,556,108Y12M
66000,臺中市,66000200,石岡區,66000200-001,石岡里,477,1466,744,722,108Y12M
66000,臺中市,66000200,石岡區,66000200-010,和盛里,532,1371,705,666,108Y12M
66000,臺中市,66000200,石岡區,66000200-004,金星里,444,1432,751,681,108Y12M
66000,臺中市,66000200,石岡區,66000200-007,梅子里,682,2100,1078,1022,108Y12M
66000,臺中市,66000200,石岡區,66000200-002,萬安里,588,1795,927,868,108Y12M
66000,臺中市,66000200,石岡區,66000200-006,萬興里,536,1689,853,836,108Y12M
66000,臺中市,66000200,石岡區,66000200-009,德興里,564,1625,830,795,108Y12M
66000,臺中市,66000200,石岡區,66000200-005,龍興里,224,742,404,338,108Y12M
66000,臺中市,66000150,后里區,66000150-010,中和里,862,2977,1500,1477,108Y12M
66000,臺中市,66000150,后里區,66000150-002,仁里里,380,1287,654,633,108Y12M
66000,臺中市,66000150,后里區,66000150-016,公館里,697,2566,1331,1235,108Y12M
66000,臺中市,66000150,后里區,66000150-013,太平里,709,2557,1303,1254,108Y12M
66000,臺中市,66000150,后里區,66000150-017,月眉里,684,2329,1216,1113,108Y12M
66000,臺中市,66000150,后里區,66000150-004,后里里,1358,4446,2252,2194,108Y12M
66000,臺中市,66000150,后里區,66000150-005,厚里里,774,2533,1280,1253,108Y12M
66000,臺中市,66000150,后里區,66000150-014,眉山里,1117,3801,1942,1859,108Y12M
66000,臺中市,66000150,后里區,66000150-015,泰安里,521,1612,848,764,108Y12M
66000,臺中市,66000150,后里區,66000150-003,義里里,1249,3776,1900,1876,108Y12M
66000,臺中市,66000150,后里區,66000150-018,義德里,1003,3136,1529,1607,108Y12M
66000,臺中市,66000150,后里區,66000150-009,墩北里,1278,4281,2132,2149,108Y12M
66000,臺中市,66000150,后里區,66000150-007,墩西里,805,2342,1210,1132,108Y12M
66000,臺中市,66000150,后里區,66000150-006,墩東里,1800,5945,2986,2959,108Y12M
66000,臺中市,66000150,后里區,66000150-008,墩南里,1212,4081,2080,2001,108Y12M
66000,臺中市,66000150,后里區,66000150-001,廣福里,899,2452,1224,1228,108Y12M
66000,臺中市,66000150,后里區,66000150-012,聯合里,524,1846,949,897,108Y12M
66000,臺中市,66000150,后里區,66000150-011,舊社里,756,2699,1355,1344,108Y12M
66000,臺中市,66000060,西屯區,66000060-006,上石里,2638,6371,3005,3366,108Y12M
66000,臺中市,66000060,西屯區,66000060-027,上安里,2616,6487,3070,3417,108Y12M
66000,臺中市,66000060,西屯區,66000060-028,上德里,1879,4979,2356,2623,108Y12M
66000,臺中市,66000060,西屯區,66000060-012,大石里,1072,2435,1167,1268,108Y12M
66000,臺中市,66000060,西屯區,66000060-011,大河里,1491,4526,2214,2312,108Y12M
66000,臺中市,66000060,西屯區,66000060-013,大福里,1433,3707,1777,1930,108Y12M
66000,臺中市,66000060,西屯區,66000060-014,大鵬里,2186,5655,2662,2993,108Y12M
66000,臺中市,66000060,西屯區,66000060-018,永安里,6314,16294,7926,8368,108Y12M
66000,臺中市,66000060,西屯區,66000060-026,至善里,2089,5346,2483,2863,108Y12M
66000,臺中市,66000060,西屯區,66000060-024,西平里,2419,6100,2914,3186,108Y12M
66000,臺中市,66000060,西屯區,66000060-001,西安里,2221,5952,2859,3093,108Y12M
66000,臺中市,66000060,西屯區,66000060-002,西墩里,2716,7161,3503,3658,108Y12M
66000,臺中市,66000060,西屯區,66000060-021,何仁里,2754,7300,3518,3782,108Y12M
66000,臺中市,66000060,西屯區,66000060-009,何安里,2385,6086,2883,3203,108Y12M
66000,臺中市,66000060,西屯區,66000060-031,何成里,3343,8591,4009,4582,108Y12M
66000,臺中市,66000060,西屯區,66000060-030,何明里,1581,4214,1987,2227,108Y12M
66000,臺中市,66000060,西屯區,66000060-025,何南里,1943,4902,2275,2627,108Y12M
66000,臺中市,66000060,西屯區,66000060-010,何厝里,1508,3828,1791,2037,108Y12M
66000,臺中市,66000060,西屯區,66000060-023,何源里,2812,7734,3677,4057,108Y12M
66000,臺中市,66000060,西屯區,66000060-032,何福里,1917,5099,2445,2654,108Y12M
66000,臺中市,66000060,西屯區,66000060-022,何德里,1602,4300,2033,2267,108Y12M
66000,臺中市,66000060,西屯區,66000060-020,協和里,2027,5548,2765,2783,108Y12M
66000,臺中市,66000060,西屯區,66000060-017,林厝里,1337,4371,2160,2211,108Y12M
66000,臺中市,66000060,西屯區,66000060-007,逢甲里,2146,5192,2449,2743,108Y12M
66000,臺中市,66000060,西屯區,66000060-029,逢福里,2461,6593,3174,3419,108Y12M
66000,臺中市,66000060,西屯區,66000060-005,惠來里,7599,18652,8741,9911,108Y12M
66000,臺中市,66000060,西屯區,66000060-015,港尾里,2084,6151,3022,3129,108Y12M
66000,臺中市,66000060,西屯區,66000060-034,福中里,1347,3824,1841,1983,108Y12M
66000,臺中市,66000060,西屯區,66000060-019,福安里,1302,3514,1686,1828,108Y12M
66000,臺中市,66000060,西屯區,66000060-033,福和里,1716,5141,2544,2597,108Y12M
66000,臺中市,66000060,西屯區,66000060-038,福林里,3579,9464,4418,5046,108Y12M
66000,臺中市,66000060,西屯區,66000060-035,福恩里,2260,5713,2732,2981,108Y12M
66000,臺中市,66000060,西屯區,66000060-039,福雅里,2785,7415,3481,3934,108Y12M
66000,臺中市,66000060,西屯區,66000060-037,福瑞里,1461,3850,1830,2020,108Y12M
66000,臺中市,66000060,西屯區,66000060-036,福聯里,1644,3990,1887,2103,108Y12M
66000,臺中市,66000060,西屯區,66000060-016,廣福里,780,2895,1442,1453,108Y12M
66000,臺中市,66000060,西屯區,66000060-003,潮洋里,3359,6957,3611,3346,108Y12M
66000,臺中市,66000060,西屯區,66000060-004,龍潭里,306,1019,534,485,108Y12M
66000,臺中市,66000060,西屯區,66000060-008,鵬程里,1322,3145,1518,1627,108Y12M
66000,臺中市,66000040,西區,66000040-003,三民里,1366,3031,1559,1472,108Y12M
66000,臺中市,66000040,西區,66000040-018,土庫里,2634,6627,3188,3439,108Y12M
66000,臺中市,66000040,西區,66000040-025,大忠里,2105,5316,2447,2869,108Y12M
66000,臺中市,66000040,西區,66000040-021,中興里,1633,4167,1977,2190,108Y12M
66000,臺中市,66000040,西區,66000040-022,公平里,2387,5858,2669,3189,108Y12M
66000,臺中市,66000040,西區,66000040-017,公正里,2846,7676,3547,4129,108Y12M
66000,臺中市,66000040,西區,66000040-007,公民里,2254,5585,2637,2948,108Y12M
66000,臺中市,66000040,西區,66000040-020,公益里,1225,3239,1535,1704,108Y12M
66000,臺中市,66000040,西區,66000040-023,公德里,2013,5135,2367,2768,108Y12M
66000,臺中市,66000040,西區,66000040-009,公里,2752,6773,3214,3559,108Y12M
66000,臺中市,66000040,西區,66000040-006,平和里,1029,2537,1178,1359,108Y12M
66000,臺中市,66000040,西區,66000040-001,民生里,989,2598,1215,1383,108Y12M
66000,臺中市,66000040,西區,66000040-011,民龍里,1667,3923,1895,2028,108Y12M
66000,臺中市,66000040,西區,66000040-014,吉龍里,3001,7676,3622,4054,108Y12M
66000,臺中市,66000040,西區,66000040-013,安龍里,1435,3258,1587,1671,108Y12M
66000,臺中市,66000040,西區,66000040-002,利民里,724,2068,995,1073,108Y12M
66000,臺中市,66000040,西區,66000040-010,和龍里,1118,2685,1334,1351,108Y12M
66000,臺中市,66000040,西區,66000040-016,忠明里,2855,6787,3210,3577,108Y12M
66000,臺中市,66000040,西區,66000040-019,忠誠里,2597,6641,3221,3420,108Y12M
66000,臺中市,66000040,西區,66000040-015,昇平里,2670,6569,3071,3498,108Y12M
66000,臺中市,66000040,西區,66000040-004,東昇里,1081,2893,1376,1517,108Y12M
66000,臺中市,66000040,西區,66000040-012,後龍里,1807,4297,2015,2282,108Y12M
66000,臺中市,66000040,西區,66000040-005,廣民里,695,1786,848,938,108Y12M
66000,臺中市,66000040,西區,66000040-008,藍興里,1882,4968,2350,2618,108Y12M
66000,臺中市,66000040,西區,66000040-024,龍里,1284,3180,1538,1642,108Y12M
66000,臺中市,66000130,沙鹿區,66000130-021,三鹿里,3259,8900,4432,4468,108Y12M
66000,臺中市,66000130,沙鹿區,66000130-014,六路里,2215,6519,3307,3212,108Y12M
66000,臺中市,66000130,沙鹿區,66000130-017,公明里,1799,5273,2630,2643,108Y12M
66000,臺中市,66000130,沙鹿區,66000130-006,斗抵里,1634,5376,2711,2665,108Y12M
66000,臺中市,66000130,沙鹿區,66000130-011,北勢里,2021,6244,3182,3062,108Y12M
66000,臺中市,66000130,沙鹿區,66000130-009,竹林里,2839,9438,4704,4734,108Y12M
66000,臺中市,66000130,沙鹿區,66000130-019,西勢里,865,2465,1264,1201,108Y12M
66000,臺中市,66000130,沙鹿區,66000130-003,沙鹿里,355,1221,604,617,108Y12M
66000,臺中市,66000130,沙鹿區,66000130-001,居仁里,564,1671,865,806,108Y12M
66000,臺中市,66000130,沙鹿區,66000130-015,南勢里,1336,4244,2177,2067,108Y12M
66000,臺中市,66000130,沙鹿區,66000130-002,洛泉里,769,2600,1276,1324,108Y12M
66000,臺中市,66000130,沙鹿區,66000130-004,美仁里,198,638,332,306,108Y12M
66000,臺中市,66000130,沙鹿區,66000130-016,埔子里,2405,6948,3514,3434,108Y12M
66000,臺中市,66000130,沙鹿區,66000130-013,晉江里,684,2016,1042,974,108Y12M
66000,臺中市,66000130,沙鹿區,66000130-018,清泉里,923,2768,1396,1372,108Y12M
66000,臺中市,66000130,沙鹿區,66000130-010,犁分里,428,1412,755,657,108Y12M
66000,臺中市,66000130,沙鹿區,66000130-007,鹿峰里,2014,6391,3208,3183,108Y12M
66000,臺中市,66000130,沙鹿區,66000130-008,鹿寮里,2602,8638,4313,4325,108Y12M
66000,臺中市,66000130,沙鹿區,66000130-012,福興里,1462,4584,2328,2256,108Y12M
66000,臺中市,66000130,沙鹿區,66000130-005,興仁里,982,3202,1574,1628,108Y12M
66000,臺中市,66000130,沙鹿區,66000130-020,興安里,1335,4207,2117,2090,108Y12M
66000,臺中市,66000290,和平區,66000290-004,中坑里,245,519,288,231,108Y12M
66000,臺中市,66000290,和平區,66000290-002,天輪里,240,469,253,216,108Y12M
66000,臺中市,66000290,和平區,66000290-008,平等里,374,1013,570,443,108Y12M
66000,臺中市,66000290,和平區,66000290-005,自由里,491,1253,691,562,108Y12M
66000,臺中市,66000290,和平區,66000290-001,南勢里,907,2142,1149,993,108Y12M
66000,臺中市,66000290,和平區,66000290-007,梨山里,1028,2254,1202,1052,108Y12M
66000,臺中市,66000290,和平區,66000290-003,博愛里,811,1919,980,939,108Y12M
66000,臺中市,66000290,和平區,66000290-006,達觀里,497,1333,728,605,108Y12M
66000,臺中市,66000020,東區,66000020-010,十甲里,2038,5604,2754,2850,108Y12M
66000,臺中市,66000020,東區,66000020-005,干城里,1005,2155,1033,1122,108Y12M
66000,臺中市,66000020,東區,66000020-013,合作里,1843,4808,2367,2441,108Y12M
66000,臺中市,66000020,東區,66000020-007,旱溪里,980,2825,1460,1365,108Y12M
66000,臺中市,66000020,東區,66000020-009,東門里,2598,7949,3927,4022,108Y12M
66000,臺中市,66000020,東區,66000020-016,東信里,3676,10568,5164,5404,108Y12M
66000,臺中市,66000020,東區,66000020-011,東南里,1644,4323,2106,2217,108Y12M
66000,臺中市,66000020,東區,66000020-017,東英里,2993,8349,4129,4220,108Y12M
66000,臺中市,66000020,東區,66000020-012,東勢里,1211,3062,1586,1476,108Y12M
66000,臺中市,66000020,東區,66000020-003,東橋里,1587,4399,2141,2258,108Y12M
66000,臺中市,66000020,東區,66000020-004,東興里,1220,3276,1606,1670,108Y12M
66000,臺中市,66000020,東區,66000020-006,泉源里,945,2254,1147,1107,108Y12M
66000,臺中市,66000020,東區,66000020-002,振興里,1422,3616,1807,1809,108Y12M
66000,臺中市,66000020,東區,66000020-015,富仁里,1962,4667,2319,2348,108Y12M
66000,臺中市,66000020,東區,66000020-014,富台里,890,1931,978,953,108Y12M
66000,臺中市,66000020,東區,66000020-001,新庄里,1598,3552,1852,1700,108Y12M
66000,臺中市,66000020,東區,66000020-008,樂成里,911,2605,1317,1288,108Y12M
66000,臺中市,66000100,東勢區,66000100-015,下城里,358,948,483,465,108Y12M
66000,臺中市,66000100,東勢區,66000100-020,下新里,649,1860,959,901,108Y12M
66000,臺中市,66000100,東勢區,66000100-014,上城里,391,1103,574,529,108Y12M
66000,臺中市,66000100,東勢區,66000100-006,上新里,394,1136,568,568,108Y12M
66000,臺中市,66000100,東勢區,66000100-009,中嵙里,755,2140,1097,1043,108Y12M
66000,臺中市,66000100,東勢區,66000100-002,中寧里,399,1003,472,531,108Y12M
66000,臺中市,66000100,東勢區,66000100-001,北興里,605,1583,813,770,108Y12M
66000,臺中市,66000100,東勢區,66000100-005,延平里,935,2565,1260,1305,108Y12M
66000,臺中市,66000100,東勢區,66000100-025,明正里,497,1561,854,707,108Y12M
66000,臺中市,66000100,東勢區,66000100-003,東安里,458,1208,607,601,108Y12M
66000,臺中市,66000100,東勢區,66000100-018,東新里,839,2223,1157,1066,108Y12M
66000,臺中市,66000100,東勢區,66000100-004,南平里,749,2158,1086,1072,108Y12M
66000,臺中市,66000100,東勢區,66000100-022,茂興里,722,2073,1124,949,108Y12M
66000,臺中市,66000100,東勢區,66000100-008,泰昌里,1454,4136,2080,2056,108Y12M
66000,臺中市,66000100,東勢區,66000100-023,泰興里,262,787,430,357,108Y12M
66000,臺中市,66000100,東勢區,66000100-024,埤頭里,253,712,377,335,108Y12M
66000,臺中市,66000100,東勢區,66000100-011,隆興里,580,1657,873,784,108Y12M
66000,臺中市,66000100,東勢區,66000100-013,詒福里,623,1891,964,927,108Y12M
66000,臺中市,66000100,東勢區,66000100-012,新盛里,1912,5761,2929,2832,108Y12M
66000,臺中市,66000100,東勢區,66000100-019,粵寧里,834,2337,1173,1164,108Y12M
66000,臺中市,66000100,東勢區,66000100-010,福隆里,1491,4367,2172,2195,108Y12M
66000,臺中市,66000100,東勢區,66000100-007,廣興里,609,1705,877,828,108Y12M
66000,臺中市,66000100,東勢區,66000100-016,慶東里,700,2078,1099,979,108Y12M
66000,臺中市,66000100,東勢區,66000100-017,慶福里,505,1443,770,673,108Y12M
66000,臺中市,66000100,東勢區,66000100-021,興隆里,448,1338,721,617,108Y12M
66000,臺中市,66000070,南屯區,66000070-024,三和里,4073,10912,5031,5881,108Y12M
66000,臺中市,66000070,南屯區,66000070-010,三厝里,3115,8756,4030,4726,108Y12M
66000,臺中市,66000070,南屯區,66000070-025,三義里,3141,8386,3879,4507,108Y12M
66000,臺中市,66000070,南屯區,66000070-015,大同里,2130,5838,2756,3082,108Y12M
66000,臺中市,66000070,南屯區,66000070-021,大業里,2978,8109,3721,4388,108Y12M
66000,臺中市,66000070,南屯區,66000070-019,大誠里,1751,4241,1951,2290,108Y12M
66000,臺中市,66000070,南屯區,66000070-020,大興里,1931,5484,2598,2886,108Y12M
66000,臺中市,66000070,南屯區,66000070-004,中和里,1686,5191,2583,2608,108Y12M
66000,臺中市,66000070,南屯區,66000070-007,文山里,5190,13283,6443,6840,108Y12M
66000,臺中市,66000070,南屯區,66000070-016,文心里,1764,4733,2243,2490,108Y12M
66000,臺中市,66000070,南屯區,66000070-009,永定里,2225,6178,3007,3171,108Y12M
66000,臺中市,66000070,南屯區,66000070-012,田心里,2796,7687,3694,3993,108Y12M
66000,臺中市,66000070,南屯區,66000070-017,同心里,2465,6343,2943,3400,108Y12M
66000,臺中市,66000070,南屯區,66000070-018,向心里,2698,6437,3234,3203,108Y12M
66000,臺中市,66000070,南屯區,66000070-001,南屯里,3966,11020,5202,5818,108Y12M
66000,臺中市,66000070,南屯區,66000070-006,春安里,406,941,470,471,108Y12M
66000,臺中市,66000070,南屯區,66000070-005,春社里,3242,7573,3884,3689,108Y12M
66000,臺中市,66000070,南屯區,66000070-022,惠中里,3548,9547,4415,5132,108Y12M
66000,臺中市,66000070,南屯區,66000070-008,新生里,1053,2260,1105,1155,108Y12M
66000,臺中市,66000070,南屯區,66000070-003,楓樹里,2479,7171,3580,3591,108Y12M
66000,臺中市,66000070,南屯區,66000070-011,溝墘里,2440,6762,3131,3631,108Y12M
66000,臺中市,66000070,南屯區,66000070-013,黎明里,1829,5006,2435,2571,108Y12M
66000,臺中市,66000070,南屯區,66000070-002,豐樂里,4953,13536,6550,6986,108Y12M
66000,臺中市,66000070,南屯區,66000070-014,鎮平里,537,1628,888,740,108Y12M
66000,臺中市,66000070,南屯區,66000070-023,寶山里,2591,6510,3160,3350,108Y12M
66000,臺中市,66000030,南區,66000030-021,工學里,3153,8259,3865,4394,108Y12M
66000,臺中市,66000030,南區,66000030-018,平和里,1482,4066,2015,2051,108Y12M
66000,臺中市,66000030,南區,66000030-020,永和里,2103,5214,2509,2705,108Y12M
66000,臺中市,66000030,南區,66000030-011,永興里,3668,9585,4540,5045,108Y12M
66000,臺中市,66000030,南區,66000030-006,江川里,1307,3186,1530,1656,108Y12M
66000,臺中市,66000030,南區,66000030-014,西川里,1904,5181,2453,2728,108Y12M
66000,臺中市,66000030,南區,66000030-010,和平里,1884,4621,2179,2442,108Y12M
66000,臺中市,66000030,南區,66000030-015,長春里,891,2211,1094,1117,108Y12M
66000,臺中市,66000030,南區,66000030-016,長榮里,1135,3004,1476,1528,108Y12M
66000,臺中市,66000030,南區,66000030-019,南和里,3681,8555,4182,4373,108Y12M
66000,臺中市,66000030,南區,66000030-003,南門里,1693,3986,1922,2064,108Y12M
66000,臺中市,66000030,南區,66000030-001,城隍里,1688,4112,1992,2120,108Y12M
66000,臺中市,66000030,南區,66000030-002,國光里,1812,4418,2127,2291,108Y12M
66000,臺中市,66000030,南區,66000030-022,崇倫里,2567,6697,3245,3452,108Y12M
66000,臺中市,66000030,南區,66000030-007,新榮里,2270,5451,2533,2918,108Y12M
66000,臺中市,66000030,南區,66000030-009,福平里,2324,6273,3023,3250,108Y12M
66000,臺中市,66000030,南區,66000030-017,福順里,2607,6479,3079,3400,108Y12M
66000,臺中市,66000030,南區,66000030-008,福興里,1683,4515,2164,2351,108Y12M
66000,臺中市,66000030,南區,66000030-004,德義里,1401,3259,1574,1685,108Y12M
66000,臺中市,66000030,南區,66000030-012,樹義里,5228,14543,6871,7672,108Y12M
66000,臺中市,66000030,南區,66000030-013,樹德里,3999,10066,4773,5293,108Y12M
66000,臺中市,66000030,南區,66000030-005,積善里,1120,2890,1426,1464,108Y12M
66000,臺中市,66000230,烏日區,66000230-006,九德里,5238,16245,7973,8272,108Y12M
66000,臺中市,66000230,烏日區,66000230-003,三和里,2358,5947,3050,2897,108Y12M
66000,臺中市,66000230,烏日區,66000230-009,五光里,606,1940,990,950,108Y12M
66000,臺中市,66000230,烏日區,66000230-007,仁德里,3175,9591,4597,4994,108Y12M
66000,臺中市,66000230,烏日區,66000230-014,北里里,570,1938,1006,932,108Y12M
66000,臺中市,66000230,烏日區,66000230-010,光明里,783,2487,1285,1202,108Y12M
66000,臺中市,66000230,烏日區,66000230-011,東園里,749,2559,1345,1214,108Y12M
66000,臺中市,66000230,烏日區,66000230-008,前竹里,608,2045,1052,993,108Y12M
66000,臺中市,66000230,烏日區,66000230-015,南里里,465,1573,816,757,108Y12M
66000,臺中市,66000230,烏日區,66000230-001,烏日里,3692,10200,5047,5153,108Y12M
66000,臺中市,66000230,烏日區,66000230-002,湖日里,1053,2958,1506,1452,108Y12M
66000,臺中市,66000230,烏日區,66000230-016,溪尾里,320,968,520,448,108Y12M
66000,臺中市,66000230,烏日區,66000230-012,溪埧里,1518,5182,2612,2570,108Y12M
66000,臺中市,66000230,烏日區,66000230-004,榮泉里,2622,6455,3179,3276,108Y12M
66000,臺中市,66000230,烏日區,66000230-005,學田里,1078,3011,1540,1471,108Y12M
66000,臺中市,66000230,烏日區,66000230-013,螺潭里,794,2511,1279,1232,108Y12M
66000,臺中市,66000160,神岡區,66000160-007,三角里,934,3099,1586,1513,108Y12M
66000,臺中市,66000160,神岡區,66000160-009,大社里,1839,5178,2508,2670,108Y12M
66000,臺中市,66000160,神岡區,66000160-016,山皮里,359,1221,628,593,108Y12M
66000,臺中市,66000160,神岡區,66000160-003,北庄里,951,3036,1558,1478,108Y12M
66000,臺中市,66000160,神岡區,66000160-013,圳前里,856,2806,1399,1407,108Y12M
66000,臺中市,66000160,神岡區,66000160-015,圳堵里,793,2484,1264,1220,108Y12M
66000,臺中市,66000160,神岡區,66000160-002,庄前里,847,2695,1369,1326,108Y12M
66000,臺中市,66000160,神岡區,66000160-004,庄後里,753,2722,1411,1311,108Y12M
66000,臺中市,66000160,神岡區,66000160-008,岸裡里,1033,3338,1693,1645,108Y12M
66000,臺中市,66000160,神岡區,66000160-005,社口里,2710,9075,4639,4436,108Y12M
66000,臺中市,66000160,神岡區,66000160-006,社南里,1810,6499,3314,3185,108Y12M
66000,臺中市,66000160,神岡區,66000160-001,神岡里,1239,3808,1977,1831,108Y12M
66000,臺中市,66000160,神岡區,66000160-011,神洲里,851,3037,1538,1499,108Y12M
66000,臺中市,66000160,神岡區,66000160-014,新庄里,1469,4987,2604,2383,108Y12M
66000,臺中市,66000160,神岡區,66000160-012,溪洲里,916,3282,1696,1586,108Y12M
66000,臺中市,66000160,神岡區,66000160-010,豐洲里,2620,8412,4261,4151,108Y12M
66000,臺中市,66000140,梧棲區,66000140-002,下寮里,787,2353,1195,1158,108Y12M
66000,臺中市,66000140,梧棲區,66000140-010,大庄里,2819,9392,4695,4697,108Y12M
66000,臺中市,66000140,梧棲區,66000140-011,大村里,2109,7234,3553,3681,108Y12M
66000,臺中市,66000140,梧棲區,66000140-003,中正里,1600,4677,2305,2372,108Y12M
66000,臺中市,66000140,梧棲區,66000140-004,中和里,212,609,316,293,108Y12M
66000,臺中市,66000140,梧棲區,66000140-005,文化里,485,1380,680,700,108Y12M
66000,臺中市,66000140,梧棲區,66000140-014,永安里,801,2959,1530,1429,108Y12M
66000,臺中市,66000140,梧棲區,66000140-013,永寧里,730,2718,1386,1332,108Y12M
66000,臺中市,66000140,梧棲區,66000140-006,安仁里,330,971,500,471,108Y12M
66000,臺中市,66000140,梧棲區,66000140-008,南簡里,2000,6209,3083,3126,108Y12M
66000,臺中市,66000140,梧棲區,66000140-007,草湳里,2418,7507,3799,3708,108Y12M
66000,臺中市,66000140,梧棲區,66000140-001,頂寮里,1693,4308,2134,2174,108Y12M
66000,臺中市,66000140,梧棲區,66000140-009,福德里,1840,5833,2918,2915,108Y12M
66000,臺中市,66000140,梧棲區,66000140-012,興農里,812,2771,1428,1343,108Y12M
66000,臺中市,66000120,清水區,66000120-028,下湳里,975,3327,1683,1644,108Y12M
66000,臺中市,66000120,清水區,66000120-017,中社里,1293,3424,1665,1759,108Y12M
66000,臺中市,66000120,清水區,66000120-008,中興里,180,487,257,230,108Y12M
66000,臺中市,66000120,清水區,66000120-004,文昌里,299,867,440,427,108Y12M
66000,臺中市,66000120,清水區,66000120-007,北寧里,332,825,431,394,108Y12M
66000,臺中市,66000120,清水區,66000120-026,田寮里,877,2955,1498,1457,108Y12M
66000,臺中市,66000120,清水區,66000120-009,西社里,882,2751,1409,1342,108Y12M
66000,臺中市,66000120,清水區,66000120-006,西寧里,586,1868,947,921,108Y12M
66000,臺中市,66000120,清水區,66000120-032,吳厝里,575,1763,896,867,108Y12M
66000,臺中市,66000120,清水區,66000120-013,秀水里,1694,5125,2623,2502,108Y12M
66000,臺中市,66000120,清水區,66000120-029,東山里,442,1400,728,672,108Y12M
66000,臺中市,66000120,清水區,66000120-014,武鹿里,1289,3907,2012,1895,108Y12M
66000,臺中市,66000120,清水區,66000120-010,南社里,3960,12192,6103,6089,108Y12M
66000,臺中市,66000120,清水區,66000120-005,南寧里,778,2285,1135,1150,108Y12M
66000,臺中市,66000120,清水區,66000120-031,海風里,540,1630,859,771,108Y12M
66000,臺中市,66000120,清水區,66000120-015,海濱里,788,2381,1225,1156,108Y12M
66000,臺中市,66000120,清水區,66000120-021,高北里,398,1373,724,649,108Y12M
66000,臺中市,66000120,清水區,66000120-018,高西里,459,1491,813,678,108Y12M
66000,臺中市,66000120,清水區,66000120-020,高東里,486,1415,761,654,108Y12M
66000,臺中市,66000120,清水區,66000120-019,高南里,459,1549,851,698,108Y12M
66000,臺中市,66000120,清水區,66000120-022,高美里,471,1532,806,726,108Y12M
66000,臺中市,66000120,清水區,66000120-023,國姓里,748,2480,1280,1200,108Y12M
66000,臺中市,66000120,清水區,66000120-003,清水里,858,2598,1267,1331,108Y12M
66000,臺中市,66000120,清水區,66000120-025,頂湳里,616,2033,1095,938,108Y12M
66000,臺中市,66000120,清水區,66000120-024,菁埔里,750,2680,1389,1291,108Y12M
66000,臺中市,66000120,清水區,66000120-030,楊厝里,425,1362,738,624,108Y12M
66000,臺中市,66000120,清水區,66000120-011,裕嘉里,502,1724,880,844,108Y12M
66000,臺中市,66000120,清水區,66000120-027,橋頭里,2882,9129,4611,4518,108Y12M
66000,臺中市,66000120,清水區,66000120-012,臨江里,558,1747,950,797,108Y12M
66000,臺中市,66000120,清水區,66000120-001,鰲峰里,459,1268,636,632,108Y12M
66000,臺中市,66000120,清水區,66000120-002,靈泉里,394,1145,577,568,108Y12M
66000,臺中市,66000120,清水區,66000120-016,榔里,2614,6874,3527,3347,108Y12M
66000,臺中市,66000190,新社區,66000190-006,大南里,696,2139,1111,1028,108Y12M
66000,臺中市,66000190,新社區,66000190-003,中正里,506,1629,844,785,108Y12M
66000,臺中市,66000190,新社區,66000190-012,中和里,224,642,335,307,108Y12M
66000,臺中市,66000190,新社區,66000190-008,中興里,293,634,286,348,108Y12M
66000,臺中市,66000190,新社區,66000190-004,月湖里,375,1205,641,564,108Y12M
66000,臺中市,66000190,新社區,66000190-007,永源里,992,3439,1755,1684,108Y12M
66000,臺中市,66000190,新社區,66000190-009,協成里,1050,3402,1760,1642,108Y12M
66000,臺中市,66000190,新社區,66000190-010,東興里,431,1408,745,663,108Y12M
66000,臺中市,66000190,新社區,66000190-005,崑山里,360,1334,699,635,108Y12M
66000,臺中市,66000190,新社區,66000190-002,復盛里,691,2228,1175,1053,108Y12M
66000,臺中市,66000190,新社區,66000190-001,新社里,1249,3960,2005,1955,108Y12M
66000,臺中市,66000190,新社區,66000190-013,福興里,479,1298,693,605,108Y12M
66000,臺中市,66000190,新社區,66000190-011,慶西里,301,971,529,442,108Y12M
66000,臺中市,66000170,潭子區,66000170-008,大富里,1037,3364,1744,1620,108Y12M
66000,臺中市,66000170,潭子區,66000170-009,大豐里,2350,7309,3629,3680,108Y12M
66000,臺中市,66000170,潭子區,66000170-006,甘蔗里,3925,11359,5500,5859,108Y12M
66000,臺中市,66000170,潭子區,66000170-007,東寶里,4589,14185,7114,7071,108Y12M
66000,臺中市,66000170,潭子區,66000170-016,家福里,1944,5738,2738,3000,108Y12M
66000,臺中市,66000170,潭子區,66000170-015,家興里,3216,8612,4104,4508,108Y12M
66000,臺中市,66000170,潭子區,66000170-010,栗林里,1769,5328,2676,2652,108Y12M
66000,臺中市,66000170,潭子區,66000170-012,新田里,596,1716,864,852,108Y12M
66000,臺中市,66000170,潭子區,66000170-011,嘉仁里,1479,4828,2457,2371,108Y12M
66000,臺中市,66000170,潭子區,66000170-004,福仁里,4353,12315,6041,6274,108Y12M
66000,臺中市,66000170,潭子區,66000170-013,聚興里,1814,4878,2582,2296,108Y12M
66000,臺中市,66000170,潭子區,66000170-003,潭北里,936,2784,1368,1416,108Y12M
66000,臺中市,66000170,潭子區,66000170-002,潭秀里,488,1541,789,752,108Y12M
66000,臺中市,66000170,潭子區,66000170-001,潭陽里,4503,13401,6512,6889,108Y12M
66000,臺中市,66000170,潭子區,66000170-005,頭家里,2280,6684,3248,3436,108Y12M
66000,臺中市,66000170,潭子區,66000170-014,頭家東里,1862,5282,2591,2691,108Y12M
66000,臺中市,66000250,龍井區,66000250-008,三德里,962,3466,1779,1687,108Y12M
66000,臺中市,66000250,龍井區,66000250-010,山腳里,2103,7027,3574,3453,108Y12M
66000,臺中市,66000250,龍井區,66000250-004,田中里,1172,4227,2156,2071,108Y12M
66000,臺中市,66000250,龍井區,66000250-001,竹坑里,1049,3622,1845,1777,108Y12M
66000,臺中市,66000250,龍井區,66000250-009,忠和里,1644,6094,3083,3011,108Y12M
66000,臺中市,66000250,龍井區,66000250-016,東海里,3696,10573,5102,5471,108Y12M
66000,臺中市,66000250,龍井區,66000250-014,南寮里,497,1909,976,933,108Y12M
66000,臺中市,66000250,龍井區,66000250-013,新庄里,2286,7634,3814,3820,108Y12M
66000,臺中市,66000250,龍井區,66000250-015,新東里,2096,5725,2871,2854,108Y12M
66000,臺中市,66000250,龍井區,66000250-005,福田里,335,1218,608,610,108Y12M
66000,臺中市,66000250,龍井區,66000250-003,龍西里,659,2227,1094,1133,108Y12M
66000,臺中市,66000250,龍井區,66000250-002,龍東里,967,3375,1766,1609,108Y12M
66000,臺中市,66000250,龍井區,66000250-011,龍泉里,2926,9060,4540,4520,108Y12M
66000,臺中市,66000250,龍井區,66000250-007,龍津里,1610,6082,3101,2981,108Y12M
66000,臺中市,66000250,龍井區,66000250-012,龍崗里,928,3121,1549,1572,108Y12M
66000,臺中市,66000250,龍井區,66000250-006,麗水里,836,2667,1423,1244,108Y12M
66000,臺中市,66000090,豐原區,66000090-020,三村里,2339,7572,3747,3825,108Y12M
66000,臺中市,66000090,豐原區,66000090-005,下街里,324,863,426,437,108Y12M
66000,臺中市,66000090,豐原區,66000090-013,大湳里,1041,2930,1433,1497,108Y12M
66000,臺中市,66000090,豐原區,66000090-003,中山里,365,993,474,519,108Y12M
66000,臺中市,66000090,豐原區,66000090-028,中陽里,2091,6787,3270,3517,108Y12M
66000,臺中市,66000090,豐原區,66000090-021,中興里,1239,3472,1689,1783,108Y12M
66000,臺中市,66000090,豐原區,66000090-027,北陽里,5109,16116,7864,8252,108Y12M
66000,臺中市,66000090,豐原區,66000090-014,北湳里,1157,3381,1685,1696,108Y12M
66000,臺中市,66000090,豐原區,66000090-012,民生里,525,1415,693,722,108Y12M
66000,臺中市,66000090,豐原區,66000090-022,田心里,2898,7421,3764,3657,108Y12M
66000,臺中市,66000090,豐原區,66000090-017,圳寮里,507,1448,738,710,108Y12M
66000,臺中市,66000090,豐原區,66000090-036,朴子里,1157,3902,2005,1897,108Y12M
66000,臺中市,66000090,豐原區,66000090-009,西安里,2006,6071,2912,3159,108Y12M
66000,臺中市,66000090,豐原區,66000090-016,西湳里,3257,11146,5558,5588,108Y12M
66000,臺中市,66000090,豐原區,66000090-010,西勢里,922,2711,1322,1389,108Y12M
66000,臺中市,66000090,豐原區,66000090-029,東陽里,532,1855,945,910,108Y12M
66000,臺中市,66000090,豐原區,66000090-015,東湳里,1392,4864,2513,2351,108Y12M
66000,臺中市,66000090,豐原區,66000090-011,東勢里,619,1791,863,928,108Y12M
66000,臺中市,66000090,豐原區,66000090-019,社皮里,4123,11942,5796,6146,108Y12M
66000,臺中市,66000090,豐原區,66000090-031,南田里,1183,3776,1948,1828,108Y12M
66000,臺中市,66000090,豐原區,66000090-030,南村里,2195,6480,3101,3379,108Y12M
66000,臺中市,66000090,豐原區,66000090-025,南陽里,4478,13816,6681,7135,108Y12M
66000,臺中市,66000090,豐原區,66000090-032,南嵩里,1192,3912,1967,1945,108Y12M
66000,臺中市,66000090,豐原區,66000090-034,翁子里,1132,3596,1844,1752,108Y12M
66000,臺中市,66000090,豐原區,66000090-033,翁明里,906,2567,1250,1317,108Y12M
66000,臺中市,66000090,豐原區,66000090-035,翁社里,750,2406,1244,1162,108Y12M
66000,臺中市,66000090,豐原區,66000090-002,頂街里,463,1036,501,535,108Y12M
66000,臺中市,66000090,豐原區,66000090-006,富春里,275,831,398,433,108Y12M
66000,臺中市,66000090,豐原區,66000090-026,陽明里,1110,3468,1641,1827,108Y12M
66000,臺中市,66000090,豐原區,66000090-007,葫蘆里,270,753,372,381,108Y12M
66000,臺中市,66000090,豐原區,66000090-023,豐田里,3838,12293,6103,6190,108Y12M
66000,臺中市,66000090,豐原區,66000090-018,豐圳里,1362,3882,1940,1942,108Y12M
66000,臺中市,66000090,豐原區,66000090-008,豐西里,687,1826,852,974,108Y12M
66000,臺中市,66000090,豐原區,66000090-001,豐原里,1022,2673,1283,1390,108Y12M
66000,臺中市,66000090,豐原區,66000090-004,豐榮里,543,1321,602,719,108Y12M
66000,臺中市,66000090,豐原區,66000090-024,鎌村里,1689,5559,2843,2716,108Y12M
66000,臺中市,66000260,霧峰區,66000260-018,丁台里,730,2742,1429,1313,108Y12M
66000,臺中市,66000260,霧峰區,66000260-005,中正里,836,2366,1152,1214,108Y12M
66000,臺中市,66000260,霧峰區,66000260-013,五福里,834,2972,1558,1414,108Y12M
66000,臺中市,66000260,霧峰區,66000260-017,六股里,815,2878,1483,1395,108Y12M
66000,臺中市,66000260,霧峰區,66000260-010,北柳里,1443,4755,2413,2342,108Y12M
66000,臺中市,66000260,霧峰區,66000260-019,北勢里,702,2576,1281,1295,108Y12M
66000,臺中市,66000260,霧峰區,66000260-012,四德里,868,2855,1484,1371,108Y12M
66000,臺中市,66000260,霧峰區,66000260-008,本堂里,2437,7009,3406,3603,108Y12M
66000,臺中市,66000260,霧峰區,66000260-004,本鄉里,959,2697,1344,1353,108Y12M
66000,臺中市,66000260,霧峰區,66000260-003,甲寅里,1890,5494,2736,2758,108Y12M
66000,臺中市,66000260,霧峰區,66000260-002,吉峰里,3493,10766,5460,5306,108Y12M
66000,臺中市,66000260,霧峰區,66000260-009,坑口里,1170,3492,1759,1733,108Y12M
66000,臺中市,66000260,霧峰區,66000260-011,南柳里,638,2249,1116,1133,108Y12M
66000,臺中市,66000260,霧峰區,66000260-020,南勢里,397,1555,810,745,108Y12M
66000,臺中市,66000260,霧峰區,66000260-016,峰谷里,380,1301,692,609,108Y12M
66000,臺中市,66000260,霧峰區,66000260-001,桐林里,449,1408,735,673,108Y12M
66000,臺中市,66000260,霧峰區,66000260-007,萊園里,408,1259,640,619,108Y12M
66000,臺中市,66000260,霧峰區,66000260-014,萬豐里,978,3142,1611,1531,108Y12M
66000,臺中市,66000260,霧峰區,66000260-006,錦榮里,483,1443,761,682,108Y12M
66000,臺中市,66000260,霧峰區,66000260-015,舊正里,707,2460,1267,1193,108Y12M
